<schemalist>
    <schema id="org.gnome.shell.extensions.ubuntuvn-desktop.bindings"
            path="/org/gnome/shell/extensions/ubuntuvn-desktop/bindings/">
        <key name="previous-window" type="as">
            <default><![CDATA[['<Super>a']]]></default>
            <summary>Focus previous window</summary>
            <description>
                Focus the previous window of the current workspace
            </description>
        </key>
        <key name="next-window" type="as">
            <default><![CDATA[['<Super>d']]]></default>
            <summary>Focus next window</summary>
            <description>
                Focus the next window of the current workspace
            </description>
        </key>
        <key name="previous-workspace" type="as">
            <default><![CDATA[['<Super>w']]]></default>
            <summary>Focus previous workspace</summary>
            <description>
                Focus the previous workspace
            </description>
        </key>
        <key name="next-workspace" type="as">
            <default><![CDATA[['<Super>s']]]></default>
            <summary>Focus next workspace</summary>
            <description>
                Focus the next workspace
            </description>
        </key>
        <key name="kill-focused-window" type="as">
            <default><![CDATA[['<Super>q']]]></default>
            <summary>Kill the current window</summary>
            <description>
                Kill the current focused window
            </description>
        </key>
        <key name="move-window-left" type="as">
            <default><![CDATA[['<Shift><Super>a']]]></default>
            <summary>Move the current window to the left</summary>
            <description>
                Move the current window to the left
            </description>
        </key>
        <key name="move-window-right" type="as">
            <default><![CDATA[['<Shift><Super>d']]]></default>
            <summary>Move the current window to the right</summary>
            <description>
                Move the current window to the right
            </description>
        </key>
        <key name="move-window-top" type="as">
            <default><![CDATA[['<Shift><Super>w']]]></default>
            <summary>Move the current window to upper workspace</summary>
            <description>
                Move the current window to upper workspace
            </description>
        </key>
        <key name="move-window-bottom" type="as">
            <default><![CDATA[['<Shift><Super>s']]]></default>
            <summary>Move the current window to lower workspace</summary>
            <description>
                Move the current window to lower workspace
            </description>
        </key>
        <key name="cycle-tiling-layout" type="as">
            <default><![CDATA[['<Super>Space']]]></default>
            <summary>Cycle around the tiling layout on the current workspace</summary>
            <description>
                Cycle around the tiling layout on the current workspace
            </description>
        </key>
        <key name="reverse-cycle-tiling-layout" type="as">
            <default><![CDATA[['<Shift><Super>Space']]]></default>
            <summary>Cycle around in reverse order the tiling layout on the current workspace</summary>
            <description>
                Cycle around in reverse order the tiling layout on the current workspace
            </description>
        </key>
    </schema>
</schemalist>